{"cameraMode":{"drawMode":0,"name":"Shaded","section":"Shading Mode"},"sceneLighting":true,"audioPlay":false,"sceneViewState":{"m_AlwaysRefresh":false,"showFog":true,"showSkybox":true,"showFlares":true,"showImageEffects":true,"showParticleSystems":true,"showVisualEffectGraphs":true,"m_FxEnabled":true},"in2DMode":false,"pivot":{"x":45.95886993408203,"y":33.18364715576172,"z":110.01182556152344},"rotation":{"x":-0.052682578563690189,"y":-0.062275826930999759,"z":0.0032917840871959926,"w":-0.9966623783111572},"size":12.12435531616211,"orthographic":false}